year,agency_prefix,stu_enroll,cte_enroll,county,district_code,sum_cluster_in_county,sum_cluster_in_state,unique_career_clusters_y,total_concentrators
2018,10,12133,7910,Alamance,10,105,7380,15,939
2018,20,2405,1998,Alexander,20,15,7380,15,331
2018,30,738,592,Alleghany,30,15,7380,15,121
2018,40,1720,1390,Anson,40,30,7380,15,81
2018,50,1378,929,Ashe,50,15,7380,15,125
2018,60,1066,865,Avery,60,45,7380,15,92
2018,70,3567,2723,Beaufort,70,75,7380,15,217
2018,80,1249,908,Bertie,80,30,7380,15,81
2018,90,2384,2113,Bladen,90,30,7380,15,394
2018,100,7141,4674,Brunswick,100,75,7380,15,506
2018,110,15163,9795,Buncombe,110,120,7380,15,1261
2018,120,6456,5211,Burke,120,90,7380,15,278
2018,130,20819,14203,Cabarrus,130,135,7380,15,1617
2018,140,6430,4565,Caldwell,140,60,7380,15,478
2018,150,865,577,Camden,150,30,7380,15,59
2018,160,4669,3267,Carteret,160,45,7380,15,239
2018,170,1364,1172,Caswell,170,15,7380,15,199
2018,180,11619,8710,Catawba,180,105,7380,15,808
2018,190,4865,3819,Chatham,190,60,7380,15,333
2018,200,1864,1214,Cherokee,200,75,7380,15,145
2018,210,1046,790,Chowan,210,15,7380,15,62
2018,220,700,445,Clay,220,15,7380,15,61
2018,230,7341,4804,Cleveland,230,90,7380,15,724
2018,240,4358,2725,Columbus,240,60,7380,15,230
2018,250,6974,4910,Craven,250,75,7380,15,411
2018,260,26395,20293,Cumberland,260,225,7380,15,1870
2018,270,2180,1516,Currituck,270,30,7380,15,175
2018,280,2761,1392,Dare,280,60,7380,15,58
2018,290,13772,9662,Davidson,290,120,7380,15,1443
2018,300,3372,2588,Davie,300,15,7380,15,219
2018,310,4957,4050,Duplin,310,75,7380,15,473
2018,320,17109,10111,Durham,320,150,7380,15,694
2018,330,3152,2175,Edgecombe,330,60,7380,15,347
2018,340,28661,18175,Forsyth,340,225,7380,15,899
2018,350,4555,3493,Franklin,350,45,7380,15,315
2018,360,16807,13051,Gaston,360,165,7380,15,1450
2018,370,883,716,Gates,370,15,7380,15,49
2018,380,561,412,Graham,380,15,7380,15,52
2018,390,4174,3270,Granville,390,90,7380,15,285
2018,400,1610,1136,Greene,400,15,7380,15,112
2018,410,38480,24511,Guilford,410,360,7380,15,1999
2018,420,3342,2586,Halifax,420,30,7380,15,242
2018,430,10667,6499,Harnett,430,75,7380,15,611
2018,440,3899,2675,Haywood,440,45,7380,15,507
2018,450,7183,4846,Henderson,450,75,7380,15,526
2018,460,1552,1281,Hertford,460,45,7380,15,162
2018,470,4329,2335,Hoke,470,15,7380,15,196
2018,480,285,224,Hyde,480,30,7380,15,12
2018,490,14693,10110,Iredell,490,120,7380,15,1087
2018,500,1974,1274,Jackson,500,60,7380,15,128
2018,510,19461,14232,Johnston,510,150,7380,15,1544
2018,520,490,424,Jones,520,15,7380,15,78
2018,530,5155,3752,Lee,530,60,7380,15,443
2018,540,4506,3274,Lenoir,540,60,7380,15,481
2018,550,6346,4256,Lincoln,550,60,7380,15,369
2018,560,1987,1472,Macon,560,60,7380,15,89
2018,570,1288,797,Madison,570,30,7380,15,132
2018,580,1509,1142,Martin,580,30,7380,15,195
2018,590,3243,2116,McDowell,590,45,7380,15,293
2018,600,75907,48831,Mecklenburg,600,510,7380,15,2260
2018,610,1049,704,Mitchell,610,30,7380,15,188
2018,620,2050,1503,Montgomery,620,45,7380,15,127
2018,630,6981,4361,Moore,630,60,7380,15,471
2018,640,8067,5728,Nash,640,90,7380,15,620
2018,650,13907,8535,New Hanover,650,90,7380,15,460
2018,660,809,467,Northampton,660,15,7380,15,41
2018,670,13170,9853,Onslow,670,105,7380,15,1440
2018,680,10923,6118,Orange,680,45,7380,15,417
2018,690,735,536,Pamlico,690,15,7380,15,82
2018,700,2772,2077,Pasquotank,700,30,7380,15,256
2018,710,5260,4025,Pender,710,60,7380,15,388
2018,720,831,626,Perquimans,720,15,7380,15,101
2018,730,2266,1645,Person,730,15,7380,15,228
2018,740,12693,7985,Pitt,740,90,7380,15,1239
2018,750,1185,1039,Polk,750,15,7380,15,139
2018,760,10992,8163,Randolph,760,105,7380,15,1114
2018,770,3903,3195,Richmond,770,45,7380,15,429
2018,780,11035,8047,Robeson,780,105,7380,15,1107
2018,790,6395,4913,Rockingham,790,75,7380,15,374
2018,800,10276,6625,Rowan,800,105,7380,15,692
2018,810,4385,3276,Rutherford,810,60,7380,15,433
2018,820,6040,4996,Sampson,820,75,7380,15,731
2018,830,2929,2125,Scotland,830,30,7380,15,193
2018,840,3810,2820,Stanly,840,90,7380,15,467
2018,850,3316,2377,Stokes,850,75,7380,15,298
2018,860,5831,4689,Surry,860,60,7380,15,693
2018,870,994,742,Swain,870,15,7380,15,91
2018,880,1940,1437,Transylvania,880,45,7380,15,258
2018,890,172,127,Tyrrell,890,15,7380,15,21
2018,900,24046,18238,Union,900,165,7380,15,1226
2018,910,2496,1782,Vance,910,45,7380,15,160
2018,920,86607,55954,Wake,920,255,7380,15,2725
2018,930,1084,791,,,,,,
2018,940,725,608,,,,,,
2018,950,2419,1770,,,,,,
2018,960,9816,6540,,,,,,
2018,970,5088,4190,,,,,,
2018,980,6226,5058,,,,,,
2018,990,348,63,,,,,,
2018,990,2453,1822,,,,,,
2018,995,1206,805,,,,,,
2019,10,12201,7822,Alamance,10,82,4331,14,1043
2019,20,2347,1861,Alexander,20,12,4331,12,260
2019,30,732,671,Alleghany,30,11,4331,11,159
2019,40,1668,1398,Anson,40,13,4331,12,185
2019,50,1401,1025,Ashe,50,11,4331,11,126
2019,60,1053,815,Avery,60,16,4331,9,86
2019,70,3549,2678,Beaufort,70,40,4331,13,266
2019,80,1159,901,Bertie,80,12,4331,11,90
2019,90,2381,2079,Bladen,90,23,4331,12,424
2019,100,7148,4769,Brunswick,100,34,4331,14,508
2019,110,15140,9810,Buncombe,110,83,4331,15,1281
2019,120,6485,5279,Burke,120,50,4331,12,375
2019,130,21242,14530,Cabarrus,130,93,4331,15,1860
2019,140,6343,4926,Caldwell,140,42,4331,14,471
2019,150,920,723,Camden,150,12,4331,10,76
2019,160,4580,3149,Carteret,160,27,4331,12,365
2019,170,1313,1058,Caswell,170,10,4331,10,163
2019,180,11385,8380,Catawba,180,46,4331,13,800
2019,190,4946,3665,Chatham,190,33,4331,12,350
2019,200,1765,1130,Cherokee,200,29,4331,11,174
2019,210,1047,771,Chowan,210,8,4331,8,134
2019,220,686,442,Clay,220,7,4331,7,90
2019,230,7226,4929,Cleveland,230,57,4331,14,848
2019,240,4296,2559,Columbus,240,18,4331,11,220
2019,250,6979,4662,Craven,250,41,4331,13,366
2019,260,26519,20786,Cumberland,260,140,4331,14,1996
2019,270,2264,1681,Currituck,270,14,4331,11,179
2019,280,2847,1425,Dare,280,22,4331,11,90
2019,290,13419,9399,Davidson,290,81,4331,14,1545
2019,300,3423,2569,Davie,300,14,4331,14,210
2019,310,4932,4034,Duplin,310,38,4331,11,644
2019,320,17051,10317,Durham,320,58,4331,15,719
2019,330,3124,2165,Edgecombe,330,29,4331,14,385
2019,340,29010,18635,Forsyth,340,131,4331,15,1154
2019,350,4658,3651,Franklin,350,29,4331,12,358
2019,360,16706,12863,Gaston,360,93,4331,15,1393
2019,370,858,688,Gates,370,6,4331,6,61
2019,380,547,409,Graham,380,8,4331,8,35
2019,390,4158,3101,Granville,390,32,4331,12,260
2019,400,1593,1123,Greene,400,13,4331,12,106
2019,410,38687,24626,Guilford,410,186,4331,14,1985
2019,420,3309,2515,Halifax,420,11,4331,13,293
2019,430,10765,6589,Harnett,430,49,4331,14,900
2019,440,3904,2623,Haywood,440,29,4331,11,493
2019,450,7174,5104,Henderson,450,56,4331,14,527
2019,460,1500,1278,Hertford,460,18,4331,10,164
2019,470,4449,2551,Hoke,470,12,4331,12,185
2019,480,292,209,Hyde,480,6,4331,5,14
2019,490,14571,9754,Iredell,490,76,4331,14,1095
2019,500,1959,1246,Jackson,500,23,4331,14,110
2019,510,19759,14597,Johnston,510,98,4331,15,1840
2019,520,446,394,Jones,520,8,4331,8,65
2019,530,5265,3881,Lee,530,35,4331,15,444
2019,540,4538,3256,Lenoir,540,33,4331,14,509
2019,550,6319,4240,Lincoln,550,50,4331,14,398
2019,560,2039,1500,Macon,560,24,4331,10,184
2019,570,1289,790,Madison,570,13,4331,9,130
2019,580,1475,1142,Martin,580,9,4331,9,165
2019,590,3160,2108,McDowell,590,20,4331,13,253
2019,600,77885,51912,Mecklenburg,600,228,4331,14,3561
2019,610,1029,825,Mitchell,610,14,4331,13,168
2019,620,2043,1504,Montgomery,620,25,4331,11,173
2019,630,7039,4384,Moore,630,33,4331,12,473
2019,640,8085,5588,Nash,640,48,4331,14,582
2019,650,13894,8604,New Hanover,650,52,4331,14,608
2019,660,841,463,Northampton,660,12,4331,11,58
2019,670,13330,9630,Onslow,670,58,4331,13,1562
2019,680,11030,6110,Orange,680,23,4331,14,457
2019,690,754,596,Pamlico,690,8,4331,10,76
2019,700,2733,1958,Pasquotank,700,19,4331,12,248
2019,710,5271,3941,Pender,710,29,4331,13,485
2019,720,870,696,Perquimans,720,10,4331,10,72
2019,730,2248,1601,Person,730,14,4331,14,298
2019,740,12641,7909,Pitt,740,63,4331,13,1219
2019,750,1200,1021,Polk,750,9,4331,8,135
2019,760,10860,8011,Randolph,760,62,4331,15,1111
2019,770,3579,2794,Richmond,770,24,4331,15,411
2019,780,11137,7895,Robeson,780,65,4331,14,1122
2019,790,6427,4845,Rockingham,790,39,4331,14,431
2019,800,10234,6850,Rowan,800,58,4331,15,676
2019,810,4358,3335,Rutherford,810,43,4331,12,461
2019,820,5881,4784,Sampson,820,37,4331,13,874
2019,830,2868,2078,Scotland,830,17,4331,12,179
2019,840,3495,2611,Stanly,840,50,4331,13,521
2019,850,3288,2331,Stokes,850,33,4331,12,281
2019,860,5892,4903,Surry,860,42,4331,14,646
2019,870,987,695,Swain,870,10,4331,10,112
2019,880,1941,1471,Transylvania,880,32,4331,12,297
2019,890,193,142,Tyrrell,890,6,4331,6,25
2019,900,24127,17638,Union,900,108,4331,14,1377
2019,910,2308,1751,Vance,910,15,4331,10,134
2019,920,88029,57045,Wake,920,278,4331,15,5037
2019,930,1047,799,Warren,930,11,4331,10,113
2019,940,643,535,Washington,940,6,4331,7,97
2019,950,2498,1860,Watauga,950,23,4331,12,158
2019,960,9694,6399,Wayne,960,65,4331,13,751
2019,970,4915,3938,Wilkes,970,53,4331,14,525
2019,980,6139,4738,Wilson,980,29,4331,13,451
2019,990,2430,1866,Yadkin,990,23,4331,13,487
2019,995,1192,823,Yancey,995,13,4331,13,182
2020,10,12365,8053,Alamance,10,79,5280,12,6171
2020,20,2569,1965,Alexander,20,18,5280,9,1342
2020,30,1358,694,Alleghany,30,16,5280,8,502
2020,40,1640,736,Anson,40,19,5280,9,452
2020,50,1387,1044,Ashe,50,22,5280,10,646
2020,60,1027,844,Avery,60,17,5280,8,430
2020,70,4267,2547,Beaufort,70,42,5280,12,806
2020,80,1089,867,Bertie,80,21,5280,9,314
2020,90,2631,2101,Bladen,90,29,5280,10,1480
2020,100,7343,4773,Brunswick,100,36,5280,10,1686
2020,110,16274,9547,Buncombe,110,79,5280,15,5870
2020,120,6568,4220,Burke,120,62,5280,13,1649
2020,130,21760,14883,Cabarrus,130,108,5280,15,10055
2020,140,6926,4800,Caldwell,140,51,5280,13,2484
2020,150,912,483,Camden,150,17,5280,8,368
2020,160,4570,3066,Carteret,160,31,5280,9,1307
2020,170,1243,1071,Caswell,170,14,5280,7,610
2020,180,11185,6484,Catawba,180,56,5280,13,3855
2020,190,5919,3219,Chatham,190,46,5280,13,2418
2020,200,2216,1378,Cherokee,200,34,5280,10,513
2020,210,1020,718,Chowan,210,12,5280,6,554
2020,220,799,481,Clay,220,10,5280,5,292
2020,230,7040,4901,Cleveland,230,61,5280,14,3680
2020,240,4956,2568,Columbus,240,33,5280,14,1863
2020,250,6919,4898,Craven,250,51,5280,14,2516
2020,260,26077,16585,Cumberland,260,144,5280,15,8199
2020,270,2210,1754,Currituck,270,23,5280,11,846
2020,280,2976,1558,Dare,280,29,5280,8,684
2020,290,13095,9322,Davidson,290,87,5280,14,5400
2020,300,3332,2143,Davie,300,18,5280,9,1446
2020,310,9612,4165,Duplin,310,38,5280,9,2050
2020,320,17487,10539,Durham,320,78,5280,14,3091
2020,330,3415,1747,Edgecombe,330,27,5280,10,1036
2020,340,29288,17689,Forsyth,340,126,5280,13,6776
2020,350,4624,3670,Franklin,350,36,5280,12,1722
2020,360,16691,10133,Gaston,360,95,5280,15,4035
2020,370,846,323,Gates,370,14,5280,7,360
2020,380,533,243,Graham,380,16,5280,8,118
2020,390,4077,3009,Granville,390,41,5280,11,1449
2020,400,1582,1154,Greene,400,21,5280,10,564
2020,410,39365,24078,Guilford,410,201,5280,15,9129
2020,420,3151,2484,Halifax,420,16,5280,10,1100
2020,430,10603,6657,Harnett,430,70,5280,14,4568
2020,440,3797,2608,Haywood,440,39,5280,11,2380
2020,450,7357,5305,Henderson,450,62,5280,13,2164
2020,460,1457,1146,Hertford,460,24,5280,9,632
2020,470,4383,2646,Hoke,470,26,5280,12,1088
2020,480,338,220,Hyde,480,8,5280,4,102
2020,490,14709,9008,Iredell,490,91,5280,13,6104
2020,500,3413,1375,Jackson,500,40,5280,13,760
2020,510,20699,14244,Johnston,510,91,5280,15,9356
2020,520,459,418,Jones,520,18,5280,9,252
2020,530,5206,3954,Lee,530,48,5280,14,2226
2020,540,5013,3151,Lenoir,540,46,5280,12,1452
2020,550,6240,4184,Lincoln,550,53,5280,11,2324
2020,560,2879,1700,Macon,560,30,5280,9,702
2020,570,1231,817,Madison,570,29,5280,10,654
2020,580,1354,1108,Martin,580,14,5280,6,689
2020,590,3207,2090,McDowell,590,34,5280,12,1630
2020,600,84092,51388,Mecklenburg,600,256,5280,15,15576
2020,610,1095,865,Mitchell,610,22,5280,12,765
2020,620,1973,1099,Montgomery,620,35,5280,9,498
2020,630,7429,4444,Moore,630,49,5280,15,3814
2020,640,8076,5526,Nash,640,53,5280,12,2440
2020,650,14279,8663,New Hanover,650,61,5280,13,3710
2020,660,846,562,Northampton,660,18,5280,9,206
2020,670,13445,9855,Onslow,670,76,5280,11,6632
2020,680,11045,6169,Orange,680,35,5280,14,2457
2020,690,728,574,Pamlico,690,20,5280,10,395
2020,700,3119,1836,Pasquotank,700,30,5280,11,897
2020,710,5658,4076,Pender,710,41,5280,13,2150
2020,720,866,671,Perquimans,720,18,5280,9,264
2020,730,2145,1654,Person,730,34,5280,14,995
2020,740,13972,7996,Pitt,740,76,5280,13,6598
2020,750,1168,549,Polk,750,18,5280,9,938
2020,760,11198,8011,Randolph,760,66,5280,15,6044
2020,770,3799,3049,Richmond,770,35,5280,14,1160
2020,780,13423,7587,Robeson,780,76,5280,15,3344
2020,790,6722,4515,Rockingham,790,49,5280,12,2170
2020,800,10322,6622,Rowan,800,72,5280,14,3502
2020,810,4158,3241,Rutherford,810,48,5280,12,1688
2020,820,5755,4134,Sampson,820,41,5280,15,3162
2020,830,2973,2285,Scotland,830,23,5280,10,1070
2020,840,4239,2295,Stanly,840,65,5280,13,2752
2020,850,3230,2343,Stokes,850,34,5280,10,1420
2020,860,6362,2506,Surry,860,55,5280,14,3486
2020,870,976,695,Swain,870,15,5280,7,446
2020,880,1869,1416,Transylvania,880,33,5280,9,1007
2020,890,175,147,Tyrrell,890,10,5280,5,126
2020,900,24052,16398,Union,900,125,5280,14,7744
2020,910,2201,1651,Vance,910,28,5280,11,1215
2020,920,88746,58177,Wake,920,280,5280,15,28722
2020,930,1289,735,Warren,930,14,5280,8,410
2020,940,1068,468,Washington,940,10,5280,4,322
2020,950,4618,1918,Watauga,950,34,5280,12,778
2020,960,10675,6517,Wayne,960,77,5280,14,3654
2020,970,4934,2924,Wilkes,970,51,5280,10,2392
2020,980,5984,4643,Wilson,980,43,5280,12,1863
2020,990,2363,1871,Yadkin,990,31,5280,13,1904
2020,995,1126,789,Yancey,995,19,5280,9,642
2021,10,11681,8280,Alamance,10,76,4357,13,2128
2021,20,2534,2114,Alexander,20,16,4357,8,528
2021,30,799,643,Alleghany,30,14,4357,7,198
2021,40,1595,728,Anson,40,20,4357,10,158
2021,50,1349,1027,Ashe,50,22,4357,10,156
2021,60,1016,727,Avery,60,12,4357,6,116
2021,70,3439,2474,Beaufort,70,31,4357,9,316
2021,80,1039,434,Bertie,80,13,4357,6,180
2021,90,2535,2023,Bladen,90,28,4357,9,672
2021,100,6616,4383,Brunswick,100,32,4357,11,600
2021,110,15452,9521,Buncombe,110,68,4357,13,2572
2021,120,6377,3095,Burke,120,47,4357,10,716
2021,130,21648,15243,Cabarrus,130,95,4357,15,3109
2021,140,6096,4132,Caldwell,140,44,4357,13,858
2021,150,883,646,Camden,150,19,4357,8,178
2021,160,4440,3323,Carteret,160,32,4357,10,572
2021,170,1216,543,Caswell,170,12,4357,6,204
2021,180,10876,7837,Catawba,180,45,4357,12,1330
2021,190,5083,3161,Chatham,190,39,4357,12,657
2021,200,1813,1158,Cherokee,200,30,4357,10,342
2021,210,977,820,Chowan,210,12,4357,6,266
2021,220,652,433,Clay,220,12,4357,6,196
2021,230,7042,4882,Cleveland,230,50,4357,12,1370
2021,240,4059,2435,Columbus,240,24,4357,10,730
2021,250,6813,4404,Craven,250,48,4357,13,956
2021,260,25239,15424,Cumberland,260,129,4357,15,3870
2021,270,2132,1124,Currituck,270,20,4357,10,304
2021,280,2834,1708,Dare,280,24,4357,9,272
2021,290,12742,9431,Davidson,290,80,4357,14,2790
2021,300,3214,2234,Davie,300,16,4357,8,450
2021,310,5750,4138,Duplin,310,38,4357,9,930
2021,320,16985,10390,Durham,320,55,4357,14,1539
2021,330,3011,2008,Edgecombe,330,23,4357,9,434
2021,340,27842,17821,Forsyth,340,108,4357,12,3283
2021,350,4456,3706,Franklin,350,29,4357,9,596
2021,360,16068,10445,Gaston,360,75,4357,13,2306
2021,370,770,334,Gates,370,12,4357,6,130
2021,380,520,405,Graham,380,12,4357,6,66
2021,390,3820,3010,Granville,390,26,4357,9,542
2021,400,1525,943,Greene,400,22,4357,10,194
2021,410,37533,22455,Guilford,410,155,4357,15,4287
2021,420,2985,1641,Halifax,420,5,4357,10,486
2021,430,10532,6748,Harnett,430,51,4357,13,1804
2021,440,3695,2474,Haywood,440,32,4357,11,810
2021,450,7204,5469,Henderson,450,49,4357,13,1016
2021,460,1468,1148,Hertford,460,19,4357,8,330
2021,470,4200,2842,Hoke,470,16,4357,8,308
2021,480,284,246,Hyde,480,12,4357,6,60
2021,490,14580,9669,Iredell,490,80,4357,13,2478
2021,500,2177,1351,Jackson,500,29,4357,11,150
2021,510,20142,13674,Johnston,510,81,4357,13,3424
2021,520,423,0,Jones,520,14,4357,7,148
2021,530,4943,3645,Lee,530,38,4357,13,704
2021,540,4566,3276,Lenoir,540,39,4357,11,856
2021,550,6115,4113,Lincoln,550,52,4357,12,934
2021,560,2018,1395,Macon,560,22,4357,9,312
2021,570,1157,547,Madison,570,23,4357,10,302
2021,580,1331,998,Martin,580,13,4357,6,196
2021,590,3111,1127,McDowell,590,29,4357,12,462
2021,600,76300,49845,Mecklenburg,600,176,4357,15,8333
2021,610,1052,578,Mitchell,610,23,4357,11,241
2021,620,1892,1095,Montgomery,620,22,4357,8,174
2021,630,7155,4224,Moore,630,34,4357,10,1010
2021,640,7787,5743,Nash,640,51,4357,14,1190
2021,650,13712,9131,New Hanover,650,56,4357,13,1188
2021,660,656,371,Northampton,660,16,4357,8,137
2021,670,13946,8603,Onslow,670,70,4357,13,2128
2021,680,10726,6415,Orange,680,29,4357,14,1340
2021,690,698,417,Pamlico,690,8,4357,4,83
2021,700,2441,1831,Pasquotank,700,27,4357,10,430
2021,710,5332,3247,Pender,710,33,4357,11,896
2021,720,858,701,Perquimans,720,12,4357,6,200
2021,730,2166,1303,Person,730,24,4357,11,482
2021,740,12539,8316,Pitt,740,65,4357,13,2122
2021,750,1140,500,Polk,750,17,4357,8,292
2021,760,10649,7975,Randolph,760,60,4357,13,1924
2021,770,3615,2020,Richmond,770,32,4357,13,464
2021,780,11454,8036,Robeson,780,66,4357,14,1998
2021,790,5816,4463,Rockingham,790,40,4357,10,856
2021,800,10429,7297,Rowan,800,55,4357,13,1394
2021,810,4038,3242,Rutherford,810,41,4357,12,734
2021,820,5495,3327,Sampson,820,38,4357,13,1270
2021,830,2840,1625,Scotland,830,23,4357,11,482
2021,840,3378,2465,Stanly,840,47,4357,12,955
2021,850,3054,2311,Stokes,850,33,4357,10,498
2021,860,5623,2985,Surry,860,55,4357,14,1238
2021,870,927,693,Swain,870,16,4357,8,154
2021,880,1843,1275,Transylvania,880,24,4357,8,302
2021,890,176,129,Tyrrell,890,6,4357,3,52
2021,900,23552,15256,Union,900,102,4357,14,2776
2021,910,2497,918,Vance,910,18,4357,7,256
2021,920,87790,61214,Wake,920,237,4357,15,12066
2021,930,980,457,Warren,930,8,4357,4,82
2021,940,588,19,Washington,940,10,4357,5,164
2021,950,2904,1783,Watauga,950,28,4357,11,334
2021,960,9448,6445,Wayne,960,58,4357,13,1350
2021,970,4707,2858,Wilkes,970,50,4357,12,878
2021,980,5661,3674,Wilson,980,34,4357,11,775
2021,990,2738,2106,Yadkin,990,37,4357,12,680
2021,995,1066,647,Yancey,995,16,4357,8,226
2022,10,12145,8146,Alamance,10,78,4589,13,2126
2022,20,2480,1940,Alexander,20,24,4589,12,574
2022,30,812,686,Alleghany,30,18,4589,9,216
2022,40,1554,1322,Anson,40,24,4589,12,236
2022,50,1737,945,Ashe,50,21,4589,10,172
2022,60,991,701,Avery,60,12,4589,6,214
2022,70,3468,2370,Beaufort,70,28,4589,9,318
2022,80,991,789,Bertie,80,14,4589,7,158
2022,90,2475,1707,Bladen,90,27,4589,9,586
2022,100,7297,4802,Brunswick,100,34,4589,10,774
2022,110,15496,9043,Buncombe,110,72,4589,13,2938
2022,120,6408,4090,Burke,120,52,4589,13,992
2022,130,21999,15092,Cabarrus,130,98,4589,15,3530
2022,140,5977,4401,Caldwell,140,47,4589,13,992
2022,150,1145,683,Camden,150,19,4589,7,262
2022,160,4512,3260,Carteret,160,32,4589,9,890
2022,170,1153,980,Caswell,170,14,4589,7,204
2022,180,13090,6838,Catawba,180,49,4589,13,1792
2022,190,5234,3230,Chatham,190,37,4589,11,750
2022,200,1719,1188,Cherokee,200,29,4589,11,262
2022,210,998,795,Chowan,210,10,4589,5,232
2022,220,638,468,Clay,220,12,4589,6,182
2022,230,8153,4997,Cleveland,230,48,4589,13,1549
2022,240,4199,2452,Columbus,240,22,4589,11,518
2022,250,6700,4892,Craven,250,41,4589,11,954
2022,260,25393,14584,Cumberland,260,125,4589,14,3698
2022,270,2187,1633,Currituck,270,23,4589,10,326
2022,280,2919,1717,Dare,280,25,4589,9,316
2022,290,12548,9522,Davidson,290,90,4589,14,2804
2022,300,3313,2257,Davie,300,20,4589,10,498
2022,310,5743,4093,Duplin,310,43,4589,11,1028
2022,320,17061,9876,Durham,320,56,4589,13,1813
2022,330,3017,1872,Edgecombe,330,21,4589,8,390
2022,340,28775,20020,Forsyth,340,112,4589,13,3491
2022,350,4496,3586,Franklin,350,30,4589,9,676
2022,360,16545,9140,Gaston,360,94,4589,13,3431
2022,370,786,570,Gates,370,14,4589,7,148
2022,380,593,446,Graham,380,14,4589,7,100
2022,390,3787,2829,Granville,390,25,4589,9,386
2022,400,1537,1163,Greene,400,20,4589,10,170
2022,410,38031,24389,Guilford,410,167,4589,14,4729
2022,420,3001,2268,Halifax,420,12,4589,10,446
2022,430,10553,7004,Harnett,430,53,4589,13,1730
2022,440,3505,2506,Haywood,440,40,4589,13,862
2022,450,6994,5139,Henderson,450,61,4589,14,1048
2022,460,1351,1139,Hertford,460,22,4589,8,424
2022,470,4372,2663,Hoke,470,25,4589,11,484
2022,480,260,215,Hyde,480,10,4589,5,36
2022,490,15565,9748,Iredell,490,92,4589,14,2734
2022,500,2122,1324,Jackson,500,24,4589,9,231
2022,510,21303,14902,Johnston,510,100,4589,15,3974
2022,520,522,464,Jones,520,12,4589,6,122
2022,530,5029,3806,Lee,530,42,4589,13,712
2022,540,4471,3122,Lenoir,540,43,4589,12,796
2022,550,6205,4250,Lincoln,550,56,4589,12,1170
2022,560,2627,1816,Macon,560,21,4589,9,250
2022,570,1132,700,Madison,570,23,4589,9,214
2022,580,1279,1031,Martin,580,13,4589,7,197
2022,590,3129,2149,McDowell,590,30,4589,11,400
2022,600,77950,49566,Mecklenburg,600,183,4589,15,8586
2022,610,1036,608,Mitchell,610,25,4589,11,345
2022,620,1949,877,Montgomery,620,22,4589,8,248
2022,630,7209,4649,Moore,630,35,4589,11,1166
2022,640,7944,5587,Nash,640,59,4589,12,1514
2022,650,13762,8991,New Hanover,650,60,4589,13,1595
2022,660,728,450,Northampton,660,6,4589,3,46
2022,670,13771,10039,Onslow,670,81,4589,13,2528
2022,680,10747,6284,Orange,680,28,4589,13,1487
2022,690,724,485,Pamlico,690,16,4589,8,134
2022,700,2418,1688,Pasquotank,700,23,4589,9,342
2022,710,5721,3487,Pender,710,40,4589,12,818
2022,720,873,708,Perquimans,720,12,4589,6,180
2022,730,2169,1376,Person,730,23,4589,10,436
2022,740,13107,8815,Pitt,740,68,4589,14,2544
2022,750,1113,472,Polk,750,19,4589,9,254
2022,760,10707,7855,Randolph,760,58,4589,13,1968
2022,770,3694,2853,Richmond,770,35,4589,15,654
2022,780,12098,7779,Robeson,780,70,4589,14,2370
2022,790,5845,4131,Rockingham,790,41,4589,11,824
2022,800,9971,6926,Rowan,800,62,4589,14,1404
2022,810,3964,3114,Rutherford,810,44,4589,11,771
2022,820,5574,3418,Sampson,820,38,4589,12,1248
2022,830,2855,2076,Scotland,830,23,4589,10,442
2022,840,4423,2382,Stanly,840,43,4589,11,952
2022,850,3028,2294,Stokes,850,37,4589,11,448
2022,860,5819,2616,Surry,860,56,4589,14,1389
2022,870,1004,760,Swain,870,16,4589,8,258
2022,880,1840,1366,Transylvania,880,28,4589,10,402
2022,890,311,243,Tyrrell,890,8,4589,4,60
2022,900,23899,13414,Union,900,109,4589,14,3582
2022,910,2480,1486,Vance,910,14,4589,7,320
2022,920,88845,60606,Wake,920,233,4589,15,11999
2022,930,978,679,Warren,930,10,4589,5,108
2022,940,560,230,Washington,940,14,4589,7,201
2022,950,2931,1897,Watauga,950,27,4589,10,340
2022,960,9658,6140,Wayne,960,57,4589,13,1224
2022,970,4494,2323,Wilkes,970,50,4589,11,830
2022,980,5579,3819,Wilson,980,37,4589,12,738
2022,990,2793,2101,Yadkin,990,38,4589,13,652
2022,995,1065,629,Yancey,995,18,4589,9,212
2017,,,,Alamance,10,77,3942,14,2521
2017,,,,Alexander,20,12,3942,12,552
2017,,,,Alleghany,30,10,3942,10,214
2017,,,,Anson,40,16,3942,10,853
2017,,,,Ashe,50,11,3942,11,160
2017,,,,Avery,60,15,3942,9,142
2017,,,,Beaufort,70,29,3942,13,710
2017,,,,Bertie,80,18,3942,11,114
2017,,,,Bladen,90,22,3942,12,1211
2017,,,,Brunswick,100,36,3942,13,825
2017,,,,Buncombe,110,69,3942,14,3163
2017,,,,Burke,120,42,3942,13,388
2017,,,,Cabarrus,130,91,3942,14,2576
2017,,,,Caldwell,140,40,3942,13,830
2017,,,,Camden,150,5,3942,5,68
2017,,,,Carteret,160,23,3942,10,354
2017,,,,Caswell,170,11,3942,11,378
2017,,,,Catawba,180,55,3942,13,1354
2017,,,,Chatham,190,31,3942,12,532
2017,,,,Cherokee,200,22,3942,10,140
2017,,,,Chowan,210,8,3942,8,105
2017,,,,Clay,220,7,3942,7,91
2017,,,,Cleveland,230,47,3942,14,1188
2017,,,,Columbus,240,22,3942,12,318
2017,,,,Craven,250,36,3942,14,591
2017,,,,Cumberland,260,121,3942,14,5048
2017,,,,Currituck,270,16,3942,12,297
2017,,,,Dare,280,17,3942,8,181
2017,,,,Davidson,290,72,3942,13,7736
2017,,,,Davie,300,14,3942,14,323
2017,,,,Duplin,310,31,3942,12,764
2017,,,,Durham,320,47,3942,13,4508
2017,,,,Edgecombe,330,29,3942,13,678
2017,,,,Forsyth,340,115,3942,14,8787
2017,,,,Franklin,350,28,3942,13,504
2017,,,,Gaston,360,84,3942,14,2984
2017,,,,Gates,370,5,3942,5,59
2017,,,,Graham,380,7,3942,7,77
2017,,,,Granville,390,15,3942,8,293
2017,,,,Greene,400,11,3942,11,156
2017,,,,Guilford,410,177,3942,14,3404
2017,,,,Halifax,420,11,3942,12,382
2017,,,,Harnett,430,48,3942,15,862
2017,,,,Haywood,440,26,3942,12,999
2017,,,,Henderson,450,55,3942,14,840
2017,,,,Hertford,460,13,3942,10,887
2017,,,,Hoke,470,16,3942,14,268
2017,,,,Hyde,480,6,3942,6,23
2017,,,,Iredell,490,63,3942,14,3081
2017,,,,Jackson,500,21,3942,11,490
2017,,,,Johnston,510,99,3942,14,2436
2017,,,,Jones,520,8,3942,8,97
2017,,,,Lee,530,28,3942,14,739
2017,,,,Lenoir,540,36,3942,12,897
2017,,,,Lincoln,550,48,3942,13,496
2017,,,,Macon,560,20,3942,11,116
2017,,,,Madison,570,17,3942,11,187
2017,,,,Martin,580,11,3942,7,1779
2017,,,,McDowell,590,21,3942,12,376
2017,,,,Mecklenburg,600,188,3942,14,5910
2017,,,,Mitchell,610,13,3942,12,614
2017,,,,Montgomery,620,19,3942,11,234
2017,,,,Moore,630,31,3942,13,1267
2017,,,,Nash,640,44,3942,13,1252
2017,,,,New Hanover,650,45,3942,13,656
2017,,,,Northampton,660,10,3942,10,1061
2017,,,,Onslow,670,62,3942,15,3194
2017,,,,Orange,680,25,3942,13,4050
2017,,,,Pamlico,690,10,3942,10,159
2017,,,,Pasquotank,700,23,3942,12,406
2017,,,,Pender,710,24,3942,12,3171
2017,,,,Perquimans,720,12,3942,12,143
2017,,,,Person,730,13,3942,13,379
2017,,,,Pitt,740,63,3942,13,3159
2017,,,,Polk,750,9,3942,9,195
2017,,,,Randolph,760,65,3942,14,1814
2017,,,,Richmond,770,18,3942,13,1054
2017,,,,Robeson,780,75,3942,13,1813
2017,,,,Rockingham,790,39,3942,13,797
2017,,,,Rowan,800,50,3942,13,1023
2017,,,,Rutherford,810,34,3942,13,917
2017,,,,Sampson,820,38,3942,14,1347
2017,,,,Scotland,830,12,3942,11,514
2017,,,,Stanly,840,43,3942,12,1729
2017,,,,Stokes,850,35,3942,12,503
2017,,,,Surry,860,42,3942,14,1401
2017,,,,Swain,870,9,3942,9,137
2017,,,,Transylvania,880,28,3942,13,764
2017,,,,Tyrrell,890,4,3942,4,210
2017,,,,Union,900,87,3942,14,2067
2017,,,,Vance,910,16,3942,9,205
2017,,,,Wake,920,256,3942,14,6871
2017,,,,Warren,930,9,3942,9,83
2017,,,,Washington,940,7,3942,9,101
2017,,,,Watauga,950,12,3942,12,381
2017,,,,Wayne,960,61,3942,13,1061
2017,,,,Wilkes,970,42,3942,13,845
2017,,,,Wilson,980,32,3942,13,916
2017,,,,Yadkin,990,24,3942,14,703
2017,,,,Yancey,995,12,3942,12,157
